[
  {
    "name": "serverless-screenshot",
    "description": "Serverless Screenshot Service using PhantomJS",
    "url": "http://svdgraaf.nl/2016/09/28/Serverless-Screenshot-Service-With-Lambda.html",
    "githubUrl": "https://github.com/svdgraaf/serverless-screenshot"
  },
  {
    "name": "serverless-postgraphql",
    "description": "GraphQL endpoint for PostgreSQL using postgraphql",
    "githubUrl": "https://github.com/rentrop/serverless-postgraphql"
  },
  {
    "name": "serverless-messenger-boilerplate",
    "description": "Serverless messenger bot boilerplate",
    "githubUrl": "https://github.com/SC5/serverless-messenger-boilerplate"
  },
  {
    "name": "serverless-npm-registry",
    "description": "Serverless private npm registry, proxy and cache.",
    "url": "https://craftship.io/open/source/serverless/private/npm/registry/yith/2016/09/26/serverless-yith.html",
    "githubUrl": "https://github.com/craftship/yith"
  },
  {
    "name": "serverless-pokego",
    "description": "Serverless-powered API to fetch nearby Pokemon Go data",
    "githubUrl": "https://github.com/jch254/pokego-serverless"
  },
  {
    "name": "serverless-weekly2pocket-app",
    "description": "Serverless-powered API for sending posts to pocket app",
    "githubUrl": "https://github.com/s0enke/weekly2pocket"
  },
  {
    "name": "serverless-facebook-quotebot",
    "description": "100% Serverless Facebook messenger chatbot which will respond with inspiring quotes",
    "githubUrl": "https://github.com/pmuens/quotebot"
  },
  {
    "name": "serverless-slack-trevorbot",
    "description": "Slack bot for info on where in the world is Trevor Gerhardt?",
    "githubUrl": "https://github.com/conveyal/trevorbot"
  },
  {
    "name": "serverless-garden-aid",
    "description": "IoT Garden Aid Backend",
    "githubUrl": "https://github.com/garden-aid/web-bff"
  },
  {
    "name": "serverless-react-boilerplate",
    "description": "A serverless react boilerplate for offline development",
    "githubUrl": "https://github.com/99xt/serverless-react-boilerplate"
  },
  {
    "name": "serverless-delivery-framework",
    "description": "This is a boilerplate for version release pipeline with serverless framework",
    "githubUrl": "https://github.com/99xt/serverless-delivery-framework"
  },
  {
    "name": "serverless-mailgun-slack",
    "description": "A Serverless function for posting to a Slack Webhook in response to a Mailgun route",
    "githubUrl": "https://github.com/Marcus-L/serverless-mailgun-slack"
  },
  {
    "name": "pfs-email-serverless",
    "description": "This is a lambda function created by the serverless framework. It searches through members in our mongodb who have not been sent emails and sends them an email with their custom token to unlock the pledge free stream. It then marks those members off as already receiving the email.",
    "githubUrl": "https://github.com/SCPR/pfs-email-serverless"
  },
  {
    "name": "plaid cashburndown-service",
    "description": "Service for calculating cash burndown with plaid. Frontend code can be found here: https://github.com/cplee/cashburndown-site",
    "githubUrl": "https://github.com/cplee/cashburndown-service"
  },
  {
    "name": "cordis-serverless",
    "description": "A serverless API for EU Cordis data",
    "githubUrl": "https://github.com/marzeelabs/cordis-serverless"
  },
  {
    "name": "serverless-newsletter-signup",
    "description": "Saves user details into DynamoDB table. Required values are email, first_name and last_name.",
    "githubUrl": "https://github.com/ivanderbu2/serverless-newsletter-signup"
  },
  {
    "name": "serverless-slack-cron",
    "description": "Lambda function which sends messages to Slack channel in regular intervals via cron trigger.",
    "githubUrl": "https://github.com/ivanderbu2/serverless-slack-cron"
  },
  {
    "name": "giphy-bot",
    "description": "giphy-bot for Facebook chat",
    "githubUrl": "https://github.com/tywong/lambda-workshop-2016/tree/master/giphy-bot"
  },
  {
    "name": "jwt-lambda-python",
    "runtime": "python",
    "description": "Minimal proof-of-concept implementation of JWT with Serverless / AWS Lambda",
    "githubUrl": "https://github.com/mikaelmork/jwt-auth.serverless"
  },
  {
    "name": "sls-access-counter",
    "description": "Site visitor counter",
    "githubUrl": "https://github.com/takahashim/sls-access-counter"
  },
  {
    "name": "sls-form-mail",
    "description": "Send SNS email from form data",
    "githubUrl": "https://github.com/takahashim/sls-form-mail"
  },
  {
    "name": "serverless-python-sample",
    "description": "A simple serverless python sample with REST API endpoints and dependencies",
    "githubUrl": "https://github.com/bennybauer/serverless-python-sample"
  },
  {
    "name": "serverless-msg-gateway",
    "description": "A messaging aggregator for kik, skype, twilio, telegram, & messenger. Send and receive messages in a standard format.",
    "githubUrl": "https://github.com/yonahforst/msg-gateway"
  },
  {
    "name": "serverless-AWS-Rekognition-finpics",
    "description": "Use AWS Rekognition to provide a faces search of finpics.com",
    "githubUrl": "https://github.com/rgfindl/finpics"
  },
  {
    "name": "serverless-slack-emojibot",
    "description": "Serverless slack bot for emoji",
    "githubUrl": "https://github.com/markhobson/emojibot"
  },
  {
    "name": "keboola-developer-portal",
    "description": "Keboola developer portal built with Serverless",
    "githubUrl": "https://github.com/keboola/developer-portal"
  },
  {
    "name": "serverless-cloudwatch-rds-custom-metrics",
    "description": "A NodeJS-based MySQL RDS Data Collection script to push Custom Metrics to Cloudwatch with Serverless",
    "githubUrl": "https://github.com/AndrewFarley/serverless-cloudwatch-rds-custom-metrics"
  },
  {
    "name": "jrestless-examples",
    "description": "[JRestless](https://github.com/bbilger/jrestless) (Java / JAX-RS) examples for [API Gateway Functions](https://github.com/bbilger/jrestless-examples/tree/master/aws/gateway) ([plain JAX-RS](https://github.com/bbilger/jrestless-examples/blob/master/aws/gateway/aws-gateway-showcase), [Spring](https://github.com/bbilger/jrestless-examples/blob/master/aws/gateway/aws-gateway-spring), [binary data requests/responses](https://github.com/bbilger/jrestless-examples/blob/master/aws/gateway/aws-gateway-binary), [custom authorizers](https://github.com/bbilger/jrestless-examples/blob/master/aws/gateway/aws-gateway-security-custom-authorizer) and [Cognito User Pool authorizers](https://github.com/bbilger/jrestless-examples/blob/master/aws/gateway/aws-gateway-security-cognito-authorizer)), [SNS Functions](https://github.com/bbilger/jrestless-examples/blob/master/aws/sns/aws-sns-usage-example) (asynchronous communication between functions) and [Service Functions](https://github.com/bbilger/jrestless-examples/blob/master/aws/service/aws-service-usage-example) (synchronous HTTP-like communication between functions - transparent through Feign)",
    "githubUrl": "https://github.com/bbilger/jrestless-examples"
  },
  {
    "name": "sc5-serverless-boilerplate",
    "description": "A boilerplate that contains setup for test-driven development",
    "githubUrl": "https://github.com/SC5/sc5-serverless-boilerplate"
  },
  {
    "name": "serverless-blog-to-podcast",
    "description": "Service that reads RSS feed and converts the entries to a podcast feed and audio files using Amazon Polly",
    "githubUrl": "https://github.com/SC5/serverless-blog-to-podcast"
  },
  {
    "name": "offset-trump",
    "description": "Single page app using Serverless (C# runtime) and S3 site hosting. Pledge to do a good thing for the next four years to offset the potential negative effects of the US Presidency",
    "url": "http://www.offsettrump.com",
    "githubUrl": "https://github.com/FLGMwt/offset-trump"
  },
  {
    "name": "serverless-url-shortener",
    "description": "A simple url-shortener, using Serverless framework",
    "githubUrl": "https://github.com/aletheia/serverless-url-shortener"
  },
  {
    "name": "serverless-html-pdf",
    "description": "Service that convert HTML to PDF using PhantomJS's rasterize example.",
    "githubUrl": "https://github.com/calvintychan/serverless-html-pdf"
  },
  {
    "name": "serverless-examples-cached-rds-ws",
    "description": "A serverless framework example project that uses API Gateway, ElastiCache, and RDS PostgreSQL.",
    "githubUrl": "https://github.com/mugglmenzel/serverless-examples-cached-rds-ws"
  }
]

